ACPL	https://support.hdfgroup.org/documentation/hdf5/latest/group___a_c_p_l.html
APPDBG	https://support.hdfgroup.org/documentation/hdf5/latest/_a_p_p_d_b_g.html
ARRAY	https://support.hdfgroup.org/documentation/hdf5/latest/group___a_r_r_a_y.html
AR_UG	https://support.hdfgroup.org/documentation/hdf5/latest/_a_r__u_g.html
ASYNC	https://support.hdfgroup.org/documentation/hdf5/latest/group___a_s_y_n_c.html
ATOM	https://support.hdfgroup.org/documentation/hdf5/latest/group___a_t_o_m.html
About	https://support.hdfgroup.org/documentation/hdf5/latest/_about.html
Accessibility	https://support.hdfgroup.org/documentation/hdf5/latest/_accessibility.html
Attributes	https://support.hdfgroup.org/documentation/hdf5/latest/_attributes.html
BRANCHEXPL	https://support.hdfgroup.org/documentation/hdf5/latest/_b_r_a_n_c_h_e_x_p_l.html
CB_MavenArtifacts	https://support.hdfgroup.org/documentation/hdf5/latest/_c_b__maven_artifacts.html
CMakeVols	https://support.hdfgroup.org/documentation/hdf5/latest/_c_make_vols.html
CODECONV	https://support.hdfgroup.org/documentation/hdf5/latest/_c_o_d_e_c_o_n_v.html
COMPENUM	https://support.hdfgroup.org/documentation/hdf5/latest/group___c_o_m_p_e_n_u_m.html
COMPLEX	https://support.hdfgroup.org/documentation/hdf5/latest/group___c_o_m_p_l_e_x.html
COMPOUND	https://support.hdfgroup.org/documentation/hdf5/latest/group___c_o_m_p_o_u_n_d.html
CONV	https://support.hdfgroup.org/documentation/hdf5/latest/group___c_o_n_v.html
CommandTools	https://support.hdfgroup.org/documentation/hdf5/latest/_command_tools.html
CompTS	https://support.hdfgroup.org/documentation/hdf5/latest/_comp_t_s.html
Cookbook	https://support.hdfgroup.org/documentation/hdf5/latest/_cookbook.html
DAPL	https://support.hdfgroup.org/documentation/hdf5/latest/group___d_a_p_l.html
DCPL	https://support.hdfgroup.org/documentation/hdf5/latest/group___d_c_p_l.html
DDLBNF110	https://support.hdfgroup.org/documentation/hdf5/latest/_d_d_l_b_n_f110.html
DDLBNF112	https://support.hdfgroup.org/documentation/hdf5/latest/_d_d_l_b_n_f112.html
DDLBNF114	https://support.hdfgroup.org/documentation/hdf5/latest/_d_d_l_b_n_f114.html
DDLBNF200	https://support.hdfgroup.org/documentation/hdf5/latest/_d_d_l_b_n_f200.html
DXPL	https://support.hdfgroup.org/documentation/hdf5/latest/group___d_x_p_l.html
ENUM	https://support.hdfgroup.org/documentation/hdf5/latest/group___e_n_u_m.html
ERRORS	https://support.hdfgroup.org/documentation/hdf5/latest/_e_r_r_o_r_s.html
ERRORSLIB	https://support.hdfgroup.org/documentation/hdf5/latest/_e_r_r_o_r_s_l_i_b.html
ExAPI	https://support.hdfgroup.org/documentation/hdf5/latest/_ex_a_p_i.html
FAPL	https://support.hdfgroup.org/documentation/hdf5/latest/group___f_a_p_l.html
FCPL	https://support.hdfgroup.org/documentation/hdf5/latest/group___f_c_p_l.html
FH5	https://support.hdfgroup.org/documentation/hdf5/latest/group___f_h5.html
FH5A	https://support.hdfgroup.org/documentation/hdf5/latest/group___f_h5_a.html
FH5D	https://support.hdfgroup.org/documentation/hdf5/latest/group___f_h5_d.html
FH5DO	https://support.hdfgroup.org/documentation/hdf5/latest/group___f_h5_d_o.html
FH5DS	https://support.hdfgroup.org/documentation/hdf5/latest/group___f_h5_d_s.html
FH5E	https://support.hdfgroup.org/documentation/hdf5/latest/group___f_h5_e.html
FH5ES	https://support.hdfgroup.org/documentation/hdf5/latest/group___f_h5_e_s.html
FH5F	https://support.hdfgroup.org/documentation/hdf5/latest/group___f_h5_f.html
FH5G	https://support.hdfgroup.org/documentation/hdf5/latest/group___f_h5_g.html
FH5I	https://support.hdfgroup.org/documentation/hdf5/latest/group___f_h5_i.html
FH5IM	https://support.hdfgroup.org/documentation/hdf5/latest/group___f_h5_i_m.html
FH5L	https://support.hdfgroup.org/documentation/hdf5/latest/group___f_h5_l.html
FH5LT	https://support.hdfgroup.org/documentation/hdf5/latest/group___f_h5_l_t.html
FH5O	https://support.hdfgroup.org/documentation/hdf5/latest/group___f_h5_o.html
FH5P	https://support.hdfgroup.org/documentation/hdf5/latest/group___f_h5_p.html
FH5R	https://support.hdfgroup.org/documentation/hdf5/latest/group___f_h5_r.html
FH5S	https://support.hdfgroup.org/documentation/hdf5/latest/group___f_h5_s.html
FH5T	https://support.hdfgroup.org/documentation/hdf5/latest/group___f_h5_t.html
FH5TB	https://support.hdfgroup.org/documentation/hdf5/latest/group___f_h5_t_b.html
FH5VFD	https://support.hdfgroup.org/documentation/hdf5/latest/group___f_h5_v_f_d.html
FH5VL	https://support.hdfgroup.org/documentation/hdf5/latest/group___f_h5_v_l.html
FH5Z	https://support.hdfgroup.org/documentation/hdf5/latest/group___f_h5_z.html
FLETCHER32	https://support.hdfgroup.org/documentation/hdf5/latest/group___f_l_e_t_c_h_e_r32.html
FMPL	https://support.hdfgroup.org/documentation/hdf5/latest/group___f_m_p_l.html
FMT1	https://support.hdfgroup.org/documentation/hdf5/latest/_f_m_t1.html
FMT11	https://support.hdfgroup.org/documentation/hdf5/latest/_f_m_t11.html
FMT2	https://support.hdfgroup.org/documentation/hdf5/latest/_f_m_t2.html
FMT3	https://support.hdfgroup.org/documentation/hdf5/latest/_f_m_t3.html
FMT4	https://support.hdfgroup.org/documentation/hdf5/latest/_f_m_t4.html
FMTDISC	https://support.hdfgroup.org/documentation/hdf5/latest/_f_m_t_d_i_s_c.html
FTS	https://support.hdfgroup.org/documentation/hdf5/latest/_f_t_s.html
FileLock	https://support.hdfgroup.org/documentation/hdf5/latest/_file_lock.html
Files	https://support.hdfgroup.org/documentation/hdf5/latest/_files.html
GAPL	https://support.hdfgroup.org/documentation/hdf5/latest/group___g_a_p_l.html
GCPL	https://support.hdfgroup.org/documentation/hdf5/latest/group___g_c_p_l.html
GLS	https://support.hdfgroup.org/documentation/hdf5/latest/_g_l_s.html
GettingStarted	https://support.hdfgroup.org/documentation/hdf5/latest/_getting_started.html
H5	https://support.hdfgroup.org/documentation/hdf5/latest/group___h5.html
H5A	https://support.hdfgroup.org/documentation/hdf5/latest/group___h5_a.html
H5AC-cache-config-t	https://support.hdfgroup.org/documentation/hdf5/latest/_h5_a_c-cache-config-t.html
H5A_UG	https://support.hdfgroup.org/documentation/hdf5/latest/_h5_a__u_g.html
H5D	https://support.hdfgroup.org/documentation/hdf5/latest/group___h5_d.html
H5DM_UG	https://support.hdfgroup.org/documentation/hdf5/latest/_h5_d_m__u_g.html
H5DO	https://support.hdfgroup.org/documentation/hdf5/latest/group___h5_d_o.html
H5DO_UG	https://support.hdfgroup.org/documentation/hdf5/latest/_h5_d_o__u_g.html
H5DS	https://support.hdfgroup.org/documentation/hdf5/latest/group___h5_d_s.html
H5DS_UG	https://support.hdfgroup.org/documentation/hdf5/latest/_h5_d_s__u_g.html
H5D_UG	https://support.hdfgroup.org/documentation/hdf5/latest/_h5_d__u_g.html
H5E	https://support.hdfgroup.org/documentation/hdf5/latest/group___h5_e.html
H5ES	https://support.hdfgroup.org/documentation/hdf5/latest/group___h5_e_s.html
H5ES_UG	https://support.hdfgroup.org/documentation/hdf5/latest/_h5_e_s__u_g.html
H5E_UG	https://support.hdfgroup.org/documentation/hdf5/latest/_h5_e__u_g.html
H5F	https://support.hdfgroup.org/documentation/hdf5/latest/group___h5_f.html
H5FD	https://support.hdfgroup.org/documentation/hdf5/latest/group___h5_f_d.html
H5FD_UG	https://support.hdfgroup.org/documentation/hdf5/latest/_h5_f_d__u_g.html
H5FIM_UG	https://support.hdfgroup.org/documentation/hdf5/latest/_h5_f_i_m__u_g.html
H5F_UG	https://support.hdfgroup.org/documentation/hdf5/latest/_h5_f__u_g.html
H5G	https://support.hdfgroup.org/documentation/hdf5/latest/group___h5_g.html
H5G_UG	https://support.hdfgroup.org/documentation/hdf5/latest/_h5_g__u_g.html
H5I	https://support.hdfgroup.org/documentation/hdf5/latest/group___h5_i.html
H5IM	https://support.hdfgroup.org/documentation/hdf5/latest/group___h5_i_m.html
H5IM_UG	https://support.hdfgroup.org/documentation/hdf5/latest/_h5_i_m__u_g.html
H5IUD	https://support.hdfgroup.org/documentation/hdf5/latest/group___h5_i_u_d.html
H5I_UG	https://support.hdfgroup.org/documentation/hdf5/latest/_h5_i__u_g.html
H5L	https://support.hdfgroup.org/documentation/hdf5/latest/group___h5_l.html
H5LA	https://support.hdfgroup.org/documentation/hdf5/latest/group___h5_l_a.html
H5LR	https://support.hdfgroup.org/documentation/hdf5/latest/group___h5_l_r.html
H5LT	https://support.hdfgroup.org/documentation/hdf5/latest/group___h5_l_t.html
H5LT_UG	https://support.hdfgroup.org/documentation/hdf5/latest/_h5_l_t__u_g.html
H5L_UG	https://support.hdfgroup.org/documentation/hdf5/latest/_h5_l__u_g.html
H5M	https://support.hdfgroup.org/documentation/hdf5/latest/group___h5_m.html
H5M_UG	https://support.hdfgroup.org/documentation/hdf5/latest/_h5_m__u_g.html
H5O	https://support.hdfgroup.org/documentation/hdf5/latest/group___h5_o.html
H5O_UG	https://support.hdfgroup.org/documentation/hdf5/latest/_h5_o__u_g.html
H5P	https://support.hdfgroup.org/documentation/hdf5/latest/group___h5_p.html
H5PL	https://support.hdfgroup.org/documentation/hdf5/latest/group___h5_p_l.html
H5PL_UG	https://support.hdfgroup.org/documentation/hdf5/latest/_h5_p_l__u_g.html
H5PT	https://support.hdfgroup.org/documentation/hdf5/latest/group___h5_p_t.html
H5PT_UG	https://support.hdfgroup.org/documentation/hdf5/latest/_h5_p_t__u_g.html
H5P_UG	https://support.hdfgroup.org/documentation/hdf5/latest/_h5_p__u_g.html
H5R	https://support.hdfgroup.org/documentation/hdf5/latest/group___h5_r.html
H5R_UG	https://support.hdfgroup.org/documentation/hdf5/latest/_h5_r__u_g.html
H5S	https://support.hdfgroup.org/documentation/hdf5/latest/group___h5_s.html
H5S_UG	https://support.hdfgroup.org/documentation/hdf5/latest/_h5_s__u_g.html
H5T	https://support.hdfgroup.org/documentation/hdf5/latest/group___h5_t.html
H5TB	https://support.hdfgroup.org/documentation/hdf5/latest/group___h5_t_b.html
H5TB_UG	https://support.hdfgroup.org/documentation/hdf5/latest/_h5_t_b__u_g.html
H5TOOL_CP_UG	https://support.hdfgroup.org/documentation/hdf5/latest/_h5_t_o_o_l__c_p__u_g.html
H5TOOL_CR_UG	https://support.hdfgroup.org/documentation/hdf5/latest/_h5_t_o_o_l__c_r__u_g.html
H5TOOL_DF_UG	https://support.hdfgroup.org/documentation/hdf5/latest/_h5_t_o_o_l__d_f__u_g.html
H5TOOL_DG_UG	https://support.hdfgroup.org/documentation/hdf5/latest/_h5_t_o_o_l__d_g__u_g.html
H5TOOL_DP_UG	https://support.hdfgroup.org/documentation/hdf5/latest/_h5_t_o_o_l__d_p__u_g.html
H5TOOL_DT_UG	https://support.hdfgroup.org/documentation/hdf5/latest/_h5_t_o_o_l__d_t__u_g.html
H5TOOL_FC_UG	https://support.hdfgroup.org/documentation/hdf5/latest/_h5_t_o_o_l__f_c__u_g.html
H5TOOL_IM_UG	https://support.hdfgroup.org/documentation/hdf5/latest/_h5_t_o_o_l__i_m__u_g.html
H5TOOL_JAM_UG	https://support.hdfgroup.org/documentation/hdf5/latest/_h5_t_o_o_l__j_a_m__u_g.html
H5TOOL_LS_UG	https://support.hdfgroup.org/documentation/hdf5/latest/_h5_t_o_o_l__l_s__u_g.html
H5TOOL_MG_UG	https://support.hdfgroup.org/documentation/hdf5/latest/_h5_t_o_o_l__m_g__u_g.html
H5TOOL_RP_UG	https://support.hdfgroup.org/documentation/hdf5/latest/_h5_t_o_o_l__r_p__u_g.html
H5TOOL_RT_UG	https://support.hdfgroup.org/documentation/hdf5/latest/_h5_t_o_o_l__r_t__u_g.html
H5TOOL_ST_UG	https://support.hdfgroup.org/documentation/hdf5/latest/_h5_t_o_o_l__s_t__u_g.html
H5TOOL_WH_UG	https://support.hdfgroup.org/documentation/hdf5/latest/_h5_t_o_o_l__w_h__u_g.html
H5T_UG	https://support.hdfgroup.org/documentation/hdf5/latest/_h5_t__u_g.html
H5VFD	https://support.hdfgroup.org/documentation/hdf5/latest/group___h5_v_f_d.html
H5VL	https://support.hdfgroup.org/documentation/hdf5/latest/group___h5_v_l.html
H5VLDEF	https://support.hdfgroup.org/documentation/hdf5/latest/group___h5_v_l_d_e_f.html
H5VLDEV	https://support.hdfgroup.org/documentation/hdf5/latest/group___h5_v_l_d_e_v.html
H5VLNAT	https://support.hdfgroup.org/documentation/hdf5/latest/group___h5_v_l_n_a_t.html
H5VLPT	https://support.hdfgroup.org/documentation/hdf5/latest/group___h5_v_l_p_t.html
H5VL_UG	https://support.hdfgroup.org/documentation/hdf5/latest/_h5_v_l__u_g.html
H5Z	https://support.hdfgroup.org/documentation/hdf5/latest/group___h5_z.html
H5ZPRE	https://support.hdfgroup.org/documentation/hdf5/latest/group___h5_z_p_r_e.html
H5Z_UG	https://support.hdfgroup.org/documentation/hdf5/latest/_h5_z__u_g.html
H5_UG	https://support.hdfgroup.org/documentation/hdf5/latest/_h5__u_g.html
HDF5CONST	https://support.hdfgroup.org/documentation/hdf5/latest/_h_d_f5_c_o_n_s_t.html
HDF5Examples	https://support.hdfgroup.org/documentation/hdf5/latest/_h_d_f5_examples.html
HDF5LIB	https://support.hdfgroup.org/documentation/hdf5/latest/_h_d_f5_l_i_b.html
HDFNATIVE	https://support.hdfgroup.org/documentation/hdf5/latest/_h_d_f_n_a_t_i_v_e.html
HTML_IMGS	https://support.hdfgroup.org/documentation/hdf5/latest/_h_t_m_l__i_m_g_s.html
IMG	https://support.hdfgroup.org/documentation/hdf5/latest/_i_m_g.html
IOFLOW	https://support.hdfgroup.org/documentation/hdf5/latest/_i_o_f_l_o_w.html
InitShut	https://support.hdfgroup.org/documentation/hdf5/latest/_init_shut.html
IntroHDF5	https://support.hdfgroup.org/documentation/hdf5/latest/_intro_h_d_f5.html
IntroParChunk	https://support.hdfgroup.org/documentation/hdf5/latest/_intro_par_chunk.html
IntroParContHyperslab	https://support.hdfgroup.org/documentation/hdf5/latest/_intro_par_cont_hyperslab.html
IntroParHDF5	https://support.hdfgroup.org/documentation/hdf5/latest/_intro_par_h_d_f5.html
IntroParPattern	https://support.hdfgroup.org/documentation/hdf5/latest/_intro_par_pattern.html
IntroParRegularSpaced	https://support.hdfgroup.org/documentation/hdf5/latest/_intro_par_regular_spaced.html
JERR	https://support.hdfgroup.org/documentation/hdf5/latest/group___j_e_r_r.html
JERRJAVA	https://support.hdfgroup.org/documentation/hdf5/latest/group___j_e_r_r_j_a_v_a.html
JERRLIB	https://support.hdfgroup.org/documentation/hdf5/latest/group___j_e_r_r_l_i_b.html
JH5	https://support.hdfgroup.org/documentation/hdf5/latest/group___j_h5.html
LAPL	https://support.hdfgroup.org/documentation/hdf5/latest/group___l_a_p_l.html
LBAPI	https://support.hdfgroup.org/documentation/hdf5/latest/_l_b_a_p_i.html
LBAttrCreate	https://support.hdfgroup.org/documentation/hdf5/latest/_l_b_attr_create.html
LBComDset	https://support.hdfgroup.org/documentation/hdf5/latest/_l_b_com_dset.html
LBCompiling	https://support.hdfgroup.org/documentation/hdf5/latest/_l_b_compiling.html
LBContents	https://support.hdfgroup.org/documentation/hdf5/latest/_l_b_contents.html
LBDatatypes	https://support.hdfgroup.org/documentation/hdf5/latest/_l_b_datatypes.html
LBDsetCreate	https://support.hdfgroup.org/documentation/hdf5/latest/_l_b_dset_create.html
LBDsetLayout	https://support.hdfgroup.org/documentation/hdf5/latest/_l_b_dset_layout.html
LBDsetRW	https://support.hdfgroup.org/documentation/hdf5/latest/_l_b_dset_r_w.html
LBDsetSubRW	https://support.hdfgroup.org/documentation/hdf5/latest/_l_b_dset_sub_r_w.html
LBExamples	https://support.hdfgroup.org/documentation/hdf5/latest/_l_b_examples.html
LBExtDset	https://support.hdfgroup.org/documentation/hdf5/latest/_l_b_ext_dset.html
LBFileCreate	https://support.hdfgroup.org/documentation/hdf5/latest/_l_b_file_create.html
LBFileOrg	https://support.hdfgroup.org/documentation/hdf5/latest/_l_b_file_org.html
LBGrpCreate	https://support.hdfgroup.org/documentation/hdf5/latest/_l_b_grp_create.html
LBGrpCreateNames	https://support.hdfgroup.org/documentation/hdf5/latest/_l_b_grp_create_names.html
LBGrpDset	https://support.hdfgroup.org/documentation/hdf5/latest/_l_b_grp_dset.html
LBProg	https://support.hdfgroup.org/documentation/hdf5/latest/_l_b_prog.html
LBPropsList	https://support.hdfgroup.org/documentation/hdf5/latest/_l_b_props_list.html
LBQuiz	https://support.hdfgroup.org/documentation/hdf5/latest/_l_b_quiz.html
LBQuizAnswers	https://support.hdfgroup.org/documentation/hdf5/latest/_l_b_quiz_answers.html
LBTraining	https://support.hdfgroup.org/documentation/hdf5/latest/_l_b_training.html
LCPL	https://support.hdfgroup.org/documentation/hdf5/latest/group___l_c_p_l.html
LearnBasics	https://support.hdfgroup.org/documentation/hdf5/latest/_learn_basics.html
LearnHDFView	https://support.hdfgroup.org/documentation/hdf5/latest/_learn_h_d_f_view.html
MAPL	https://support.hdfgroup.org/documentation/hdf5/latest/group___m_a_p_l.html
MCPL	https://support.hdfgroup.org/documentation/hdf5/latest/group___m_c_p_l.html
MDC	https://support.hdfgroup.org/documentation/hdf5/latest/group___m_d_c.html
NBIT	https://support.hdfgroup.org/documentation/hdf5/latest/group___n_b_i_t.html
OCPL	https://support.hdfgroup.org/documentation/hdf5/latest/group___o_c_p_l.html
OCPYPL	https://support.hdfgroup.org/documentation/hdf5/latest/group___o_c_p_y_p_l.html
OPAQUE	https://support.hdfgroup.org/documentation/hdf5/latest/group___o_p_a_q_u_e.html
PDT	https://support.hdfgroup.org/documentation/hdf5/latest/group___p_d_t.html
PDTALPHA	https://support.hdfgroup.org/documentation/hdf5/latest/group___p_d_t_a_l_p_h_a.html
PDTALTFLOAT	https://support.hdfgroup.org/documentation/hdf5/latest/group___p_d_t_a_l_t_f_l_o_a_t.html
PDTC9x	https://support.hdfgroup.org/documentation/hdf5/latest/group___p_d_t_c9x.html
PDTCOMPLEX	https://support.hdfgroup.org/documentation/hdf5/latest/group___p_d_t_c_o_m_p_l_e_x.html
PDTCPU	https://support.hdfgroup.org/documentation/hdf5/latest/group___p_d_t_c_p_u.html
PDTIEEE	https://support.hdfgroup.org/documentation/hdf5/latest/group___p_d_t_i_e_e_e.html
PDTMIPS	https://support.hdfgroup.org/documentation/hdf5/latest/group___p_d_t_m_i_p_s.html
PDTNAT	https://support.hdfgroup.org/documentation/hdf5/latest/group___p_d_t_n_a_t.html
PDTS	https://support.hdfgroup.org/documentation/hdf5/latest/group___p_d_t_s.html
PDTSTD	https://support.hdfgroup.org/documentation/hdf5/latest/group___p_d_t_s_t_d.html
PDTUNIX	https://support.hdfgroup.org/documentation/hdf5/latest/group___p_d_t_u_n_i_x.html
PDTX86	https://support.hdfgroup.org/documentation/hdf5/latest/group___p_d_t_x86.html
PH5F	https://support.hdfgroup.org/documentation/hdf5/latest/group___p_h5_f.html
PLCR	https://support.hdfgroup.org/documentation/hdf5/latest/group___p_l_c_r.html
PLCRA	https://support.hdfgroup.org/documentation/hdf5/latest/group___p_l_c_r_a.html
ParCompr	https://support.hdfgroup.org/documentation/hdf5/latest/_par_compr.html
Performance	https://support.hdfgroup.org/documentation/hdf5/latest/_performance.html
RELVERSION	https://support.hdfgroup.org/documentation/hdf5/latest/_r_e_l_v_e_r_s_i_o_n.html
RFC	https://support.hdfgroup.org/documentation/hdf5/latest/_r_f_c.html
RM	https://support.hdfgroup.org/documentation/hdf5/latest/_r_m.html
RMT	https://support.hdfgroup.org/documentation/hdf5/latest/_r_m_t.html
SCALEOFFSET	https://support.hdfgroup.org/documentation/hdf5/latest/group___s_c_a_l_e_o_f_f_s_e_t.html
SHUFFLE	https://support.hdfgroup.org/documentation/hdf5/latest/group___s_h_u_f_f_l_e.html
SPEC	https://support.hdfgroup.org/documentation/hdf5/latest/_s_p_e_c.html
STRCPL	https://support.hdfgroup.org/documentation/hdf5/latest/group___s_t_r_c_p_l.html
SWMR	https://support.hdfgroup.org/documentation/hdf5/latest/group___s_w_m_r.html
SWMRTN	https://support.hdfgroup.org/documentation/hdf5/latest/_s_w_m_r_t_n.html
SZIP	https://support.hdfgroup.org/documentation/hdf5/latest/group___s_z_i_p.html
TAPL	https://support.hdfgroup.org/documentation/hdf5/latest/group___t_a_p_l.html
TBLSPEC	https://support.hdfgroup.org/documentation/hdf5/latest/_t_b_l_s_p_e_c.html
TCPL	https://support.hdfgroup.org/documentation/hdf5/latest/group___t_c_p_l.html
TN	https://support.hdfgroup.org/documentation/hdf5/latest/_t_n.html
TNMDC	https://support.hdfgroup.org/documentation/hdf5/latest/_t_n_m_d_c.html
TRAV	https://support.hdfgroup.org/documentation/hdf5/latest/group___t_r_a_v.html
ThrdSafe	https://support.hdfgroup.org/documentation/hdf5/latest/_thrd_safe.html
UG	https://support.hdfgroup.org/documentation/hdf5/latest/_u_g.html
UNICODE	https://support.hdfgroup.org/documentation/hdf5/latest/_u_n_i_c_o_d_e.html
UsingIdentifiers	https://support.hdfgroup.org/documentation/hdf5/latest/_using_identifiers.html
VDSTN	https://support.hdfgroup.org/documentation/hdf5/latest/_v_d_s_t_n.html
VFLTN	https://support.hdfgroup.org/documentation/hdf5/latest/_v_f_l_t_n.html
VLEN	https://support.hdfgroup.org/documentation/hdf5/latest/group___v_l_e_n.html
VOL_Connector	https://support.hdfgroup.org/documentation/hdf5/latest/_v_o_l__connector.html
ViewTools	https://support.hdfgroup.org/documentation/hdf5/latest/_view_tools.html
ViewToolsCommand	https://support.hdfgroup.org/documentation/hdf5/latest/_view_tools_command.html
ViewToolsConvert	https://support.hdfgroup.org/documentation/hdf5/latest/_view_tools_convert.html
ViewToolsEdit	https://support.hdfgroup.org/documentation/hdf5/latest/_view_tools_edit.html
ViewToolsJPSS	https://support.hdfgroup.org/documentation/hdf5/latest/_view_tools_j_p_s_s.html
ViewToolsView	https://support.hdfgroup.org/documentation/hdf5/latest/_view_tools_view.html
api-compat-macros	https://support.hdfgroup.org/documentation/hdf5/latest/api-compat-macros.html
cmake-presets	https://support.hdfgroup.org/documentation/hdf5/latest/cmake-presets.html
collective_calls	https://support.hdfgroup.org/documentation/hdf5/latest/collective_calls.html
collective_metadata_io	https://support.hdfgroup.org/documentation/hdf5/latest/collective_metadata_io.html
copying_committed	https://support.hdfgroup.org/documentation/hdf5/latest/copying_committed.html
freeing_memory	https://support.hdfgroup.org/documentation/hdf5/latest/freeing_memory.html
h5_cpp_intro	https://support.hdfgroup.org/documentation/hdf5/latest/h5_cpp_intro.html
hdf5_chunk_issues	https://support.hdfgroup.org/documentation/hdf5/latest/hdf5_chunk_issues.html
hdf5_chunking	https://support.hdfgroup.org/documentation/hdf5/latest/hdf5_chunking.html
improve_compressed_perf	https://support.hdfgroup.org/documentation/hdf5/latest/improve_compressed_perf.html
index	https://support.hdfgroup.org/documentation/hdf5/latest/index.html
maybe_metadata_reads	https://support.hdfgroup.org/documentation/hdf5/latest/maybe_metadata_reads.html
md_doxygen_2examples_2menus_2core__menu	https://support.hdfgroup.org/documentation/hdf5/latest/md_doxygen_2examples_2menus_2core__menu.html
md_doxygen_2examples_2menus_2fortran__menu	https://support.hdfgroup.org/documentation/hdf5/latest/md_doxygen_2examples_2menus_2fortran__menu.html
md_doxygen_2examples_2menus_2high__level__menu	https://support.hdfgroup.org/documentation/hdf5/latest/md_doxygen_2examples_2menus_2high__level__menu.html
md_doxygen_2examples_2menus_2java__menu	https://support.hdfgroup.org/documentation/hdf5/latest/md_doxygen_2examples_2menus_2java__menu.html
mod_region_writes	https://support.hdfgroup.org/documentation/hdf5/latest/mod_region_writes.html
predefined_datatypes_tables	https://support.hdfgroup.org/documentation/hdf5/latest/predefined_datatypes_tables.html
rel_spec_110	https://support.hdfgroup.org/documentation/hdf5/latest/rel_spec_110.html
rel_spec_110_change	https://support.hdfgroup.org/documentation/hdf5/latest/rel_spec_110_change.html
rel_spec_112	https://support.hdfgroup.org/documentation/hdf5/latest/rel_spec_112.html
rel_spec_112_change	https://support.hdfgroup.org/documentation/hdf5/latest/rel_spec_112_change.html
rel_spec_114	https://support.hdfgroup.org/documentation/hdf5/latest/rel_spec_114.html
rel_spec_114_change	https://support.hdfgroup.org/documentation/hdf5/latest/rel_spec_114_change.html
rel_spec_18	https://support.hdfgroup.org/documentation/hdf5/latest/rel_spec_18.html
rel_spec_2x	https://support.hdfgroup.org/documentation/hdf5/latest/rel_spec_2x.html
rel_spec_2x_change	https://support.hdfgroup.org/documentation/hdf5/latest/rel_spec_2x_change.html
release_specific_info	https://support.hdfgroup.org/documentation/hdf5/latest/release_specific_info.html
thread-safe-lib	https://support.hdfgroup.org/documentation/hdf5/latest/thread-safe-lib.html
