257	hzip	https://github.com/HDFGroup/hdf5_plugins/blob/master/docs/RegisteredFilterPlugins.md#hzip
258	fpzip	https://github.com/HDFGroup/hdf5_plugins/blob/master/docs/RegisteredFilterPlugins.md#fpzip
305	LZO	https://github.com/HDFGroup/hdf5_plugins/blob/master/docs/RegisteredFilterPlugins.md#lzo
307	BZIP2	https://github.com/HDFGroup/hdf5_plugins/blob/master/docs/RegisteredFilterPlugins.md#bzip2
32000	LZF	https://github.com/HDFGroup/hdf5_plugins/blob/master/docs/RegisteredFilterPlugins.md#lzf
32001	BLOSC	https://github.com/HDFGroup/hdf5_plugins/blob/master/docs/RegisteredFilterPlugins.md#blosc
32002	MAFISC	https://github.com/HDFGroup/hdf5_plugins/blob/master/docs/RegisteredFilterPlugins.md#mafisc
32003	Snappy	https://github.com/HDFGroup/hdf5_plugins/blob/master/docs/RegisteredFilterPlugins.md#snappy
32004	LZ4	https://github.com/HDFGroup/hdf5_plugins/blob/master/docs/RegisteredFilterPlugins.md#lz4
32005	APAX	https://github.com/HDFGroup/hdf5_plugins/blob/master/docs/RegisteredFilterPlugins.md#apax
32006	CBF	https://github.com/HDFGroup/hdf5_plugins/blob/master/docs/RegisteredFilterPlugins.md#cbf
32007	JPEG-XR	https://github.com/HDFGroup/hdf5_plugins/blob/master/docs/RegisteredFilterPlugins.md#jpeg-xr
32008	bitshuffle	https://github.com/HDFGroup/hdf5_plugins/blob/master/docs/RegisteredFilterPlugins.md#bitshuffle
32009	SPDP	https://github.com/HDFGroup/hdf5_plugins/blob/master/docs/RegisteredFilterPlugins.md#spdp
32010	LPC-Rice	https://github.com/HDFGroup/hdf5_plugins/blob/master/docs/RegisteredFilterPlugins.md#lpc-rice
32011	CCSDS-123	https://github.com/HDFGroup/hdf5_plugins/blob/master/docs/RegisteredFilterPlugins.md#ccsds-123
32012	JPEG-LS	https://github.com/HDFGroup/hdf5_plugins/blob/master/docs/RegisteredFilterPlugins.md#jpeg-ls
32013	zfp	https://github.com/HDFGroup/hdf5_plugins/blob/master/docs/RegisteredFilterPlugins.md#zfp
32014	fpzip	https://github.com/HDFGroup/hdf5_plugins/blob/master/docs/RegisteredFilterPlugins.md#fpzip
32015	Zstandard	https://github.com/HDFGroup/hdf5_plugins/blob/master/docs/RegisteredFilterPlugins.md#zstandard
32016	B³D	https://github.com/HDFGroup/hdf5_plugins/blob/master/docs/RegisteredFilterPlugins.md#b3d
32017	SZ	https://github.com/HDFGroup/hdf5_plugins/blob/master/docs/RegisteredFilterPlugins.md#sz
32018	FCIDECOMP	https://github.com/HDFGroup/hdf5_plugins/blob/master/docs/RegisteredFilterPlugins.md#fcidecomp
32019	JPEG	https://github.com/HDFGroup/hdf5_plugins/blob/master/docs/RegisteredFilterPlugins.md#jpeg
32020	VBZ	https://github.com/HDFGroup/hdf5_plugins/blob/master/docs/RegisteredFilterPlugins.md#vbz
32021	FAPEC	https://github.com/HDFGroup/hdf5_plugins/blob/master/docs/RegisteredFilterPlugins.md#fapec
32022	BitGroom	https://github.com/HDFGroup/hdf5_plugins/blob/master/docs/RegisteredFilterPlugins.md#bitgroom
32023	Granular BitRound (GBR)	https://github.com/HDFGroup/hdf5_plugins/blob/master/docs/RegisteredFilterPlugins.md#gbr
32024	SZ3	https://github.com/HDFGroup/hdf5_plugins/blob/master/docs/RegisteredFilterPlugins.md#sz3
32025	Delta-Rice	https://github.com/HDFGroup/hdf5_plugins/blob/master/docs/RegisteredFilterPlugins.md#delta-rice
32026	BLOSC2	https://github.com/HDFGroup/hdf5_plugins/blob/master/docs/RegisteredFilterPlugins.md#blosc2
32027	FLAC	https://github.com/HDFGroup/hdf5_plugins/blob/master/docs/RegisteredFilterPlugins.md#flac
32028	SPERR	https://github.com/HDFGroup/hdf5_plugins/blob/master/docs/RegisteredFilterPlugins.md#sperr
32029	TERSE/PROLIX	https://github.com/HDFGroup/hdf5_plugins/blob/master/docs/RegisteredFilterPlugins.md#trpx
32030	FFMPEG	https://github.com/HDFGroup/hdf5_plugins/blob/master/docs/RegisteredFilterPlugins.md#ffmpeg
32031	JPEG2000	https://github.com/HDFGroup/hdf5_plugins/blob/master/docs/RegisteredFilterPlugins.md#jpeg2000
32032	BitRound	https://github.com/HDFGroup/hdf5_plugins/blob/master/docs/RegisteredFilterPlugins.md#bitround
32033	HTJ2K	https://github.com/HDFGroup/hdf5_plugins/blob/master/docs/RegisteredFilterPlugins.md#htj2k
